{"cameraMode":{"drawMode":0,"name":"Shaded","section":"Shading Mode"},"sceneLighting":true,"audioPlay":false,"sceneViewState":{"m_AlwaysRefresh":false,"showFog":true,"showSkybox":true,"showFlares":true,"showImageEffects":true,"showParticleSystems":true,"showVisualEffectGraphs":true,"m_FxEnabled":true},"in2DMode":false,"pivot":{"x":-2.865960121154785,"y":16.361059188842775,"z":-6.0270304679870609},"rotation":{"x":0.46174493432044985,"y":0.15163731575012208,"z":-0.08041203767061234,"w":0.870259165763855},"size":0.42312467098236086,"orthographic":false}